,Category,Month,Total Sales
0,Books,2,35.76923076923077
1,Books,3,47.5
2,Clothing,2,94.28571428571429
3,Clothing,3,86.95652173913044
4,Clothing,4,73.33333333333333
5,Electronics,2,1193.75
6,Electronics,3,1015.2542372881356
7,Electronics,4,1066.6666666666667
8,Footwear,2,126.0
9,Footwear,3,180.0
10,Home Appliances,2,2640.0
11,Home Appliances,3,2610.0
12,Home Appliances,5,2580.0
13,Electronics,5,733.662412713701
14,Footwear,5,234.0
15,Clothing,5,67.90697674418604
16,Books,5,59.23076923076924
